Actual_Returns,Predicted_Returns,Strategy_Returns,Actual_Direction,Predicted_Direction
0.7525003,0.19144893,0.7525003,1.0,1.0
1.536591,0.19472039,1.536591,1.0,1.0
-3.5125844,0.19761972,-3.5125844,-1.0,1.0
-0.81330276,0.20367919,-0.81330276,-1.0,1.0
-2.7756343,0.2072309,-2.7756343,-1.0,1.0
2.0144987,0.2093319,2.0144987,1.0,1.0
-1.7584797,0.2092748,-1.7584797,-1.0,1.0
0.05330722,0.20889555,0.05330722,1.0,1.0
1.2741829,0.20712724,1.2741829,1.0,1.0
0.52193594,0.204489,0.52193594,1.0,1.0
-0.46189466,0.20171471,-0.46189466,-1.0,1.0
-0.8412366,0.19963041,-0.8412366,-1.0,1.0
-1.1182582,0.19859312,-1.1182582,-1.0,1.0
-1.1571097,0.1978673,-1.1571097,-1.0,1.0
1.0517945,0.19887139,1.0517945,1.0,1.0
-2.3721454,0.19938551,-2.3721454,-1.0,1.0
0.2987459,0.20068793,0.2987459,1.0,1.0
1.5976723,0.20224532,1.5976723,1.0,1.0
1.6110591,0.20230027,1.6110591,1.0,1.0
-0.48126647,0.20157327,-0.48126647,-1.0,1.0
0.8253718,0.20064384,0.8253718,1.0,1.0
0.5292908,0.19982585,0.5292908,1.0,1.0
-0.9577652,0.19950938,-0.9577652,-1.0,1.0
1.7972709,0.19999908,1.7972709,1.0,1.0
-1.3973516,0.20069152,-1.3973516,-1.0,1.0
1.7396754,0.202265,1.7396754,1.0,1.0
0.80101234,0.2028943,0.80101234,1.0,1.0
0.8793533,0.20202145,0.8793533,1.0,1.0
-0.6306919,0.19978392,-0.6306919,-1.0,1.0
-0.6623141,0.19819444,-0.6623141,-1.0,1.0
-0.15277553,0.19747888,-0.15277553,-1.0,1.0
0.013491956,0.19771144,0.013491956,1.0,1.0
-1.6329862,0.19854878,-1.6329862,-1.0,1.0
0.47273338,0.20055449,0.47273338,1.0,1.0
-0.21957001,0.20246902,-0.21957001,-1.0,1.0
0.52189255,0.20325752,0.52189255,1.0,1.0
0.34457615,0.20339221,0.34457615,1.0,1.0
-1.8589517,0.20302354,-1.8589517,-1.0,1.0
-0.30256188,0.20521273,-0.30256188,-1.0,1.0
-3.5287879,0.208061,-3.5287879,-1.0,1.0
1.1947331,0.21258622,1.1947331,1.0,1.0
-1.212955,0.21504788,-1.212955,-1.0,1.0
1.2318202,0.21631904,1.2318202,1.0,1.0
1.7799292,0.21674223,1.7799292,1.0,1.0
2.2047048,0.21638934,2.2047048,1.0,1.0
1.9460194,0.21425726,1.9460194,1.0,1.0
-0.02877152,0.2109972,-0.02877152,-1.0,1.0
1.1699889,0.20618191,1.1699889,1.0,1.0
-0.13997945,0.20123088,-0.13997945,-1.0,1.0
-0.99785316,0.19618702,-0.99785316,-1.0,1.0
1.3610336,0.19283146,1.3610336,1.0,1.0
1.1648052,0.18914227,1.1648052,1.0,1.0
-0.47919258,0.18521097,-0.47919258,-1.0,1.0
-1.1563829,0.18235691,-1.1563829,-1.0,1.0
0.39464426,0.18188044,0.39464426,1.0,1.0
-0.6792563,0.18234895,-0.6792563,-1.0,1.0
0.5635931,0.18327248,0.5635931,1.0,1.0
1.6161668,0.18306337,1.6161668,1.0,1.0
-0.15844181,0.181889,-0.15844181,-1.0,1.0
0.23969793,0.17995575,0.23969793,1.0,1.0
-0.45955485,0.17760737,-0.45955485,-1.0,1.0
1.1271187,0.175075,1.1271187,1.0,1.0
0.17911668,0.17261092,0.17911668,1.0,1.0
-0.062415726,0.1709415,-0.062415726,-1.0,1.0
0.88362753,0.17057905,0.88362753,1.0,1.0
-0.19356379,0.17005007,-0.19356379,-1.0,1.0
0.2787148,0.17029005,0.2787148,1.0,1.0
-0.79492015,0.17034341,-0.79492015,-1.0,1.0
-0.1285108,0.17216966,-0.1285108,-1.0,1.0
-0.12649973,0.17511065,-0.12649973,-1.0,1.0
-0.4359259,0.17884117,-0.4359259,-1.0,1.0
1.2921249,0.18361631,1.2921249,1.0,1.0
0.17727952,0.18574849,0.17727952,1.0,1.0
0.5757655,0.18567799,0.5757655,1.0,1.0
-0.35111186,0.18376306,-0.35111186,-1.0,1.0
-0.39062786,0.18072121,-0.39062786,-1.0,1.0
-0.20730929,0.18028946,-0.20730929,-1.0,1.0
0.074581124,0.18082199,0.074581124,1.0,1.0
0.3536589,0.18156768,0.3536589,1.0,1.0
0.8722528,0.1803512,0.8722528,1.0,1.0
-0.22273806,0.17824946,-0.22273806,-1.0,1.0
0.13415472,0.17767894,0.13415472,1.0,1.0
0.64388454,0.1779255,0.64388454,1.0,1.0
-1.4754827,0.1785299,-1.4754827,-1.0,1.0
0.7082595,0.18363352,0.7082595,1.0,1.0
0.5709843,0.18797563,0.5709843,1.0,1.0
1.4847404,0.19010794,1.4847404,1.0,1.0
0.5491863,0.18803449,0.5491863,1.0,1.0
-0.6554751,0.18269965,-0.6554751,-1.0,1.0
0.041578844,0.17900917,0.041578844,1.0,1.0
0.22756417,0.17638348,0.22756417,1.0,1.0
-0.3753451,0.17386809,-0.3753451,-1.0,1.0
-0.7190028,0.17290238,-0.7190028,-1.0,1.0
0.813638,0.17467467,0.813638,1.0,1.0
1.3935626,0.1763909,1.3935626,1.0,1.0
0.031672332,0.17549112,0.031672332,1.0,1.0
-0.30106115,0.17261533,-0.30106115,-1.0,1.0
0.3615839,0.17010984,0.3615839,1.0,1.0
-0.14888337,0.16971107,-0.14888337,-1.0,1.0
-2.5677884,0.17132263,-2.5677884,-1.0,1.0
0.9760626,0.18805446,0.9760626,1.0,1.0
-1.9311476,0.1987245,-1.9311476,-1.0,1.0
1.6051768,0.20498313,1.6051768,1.0,1.0
1.3898222,0.20692189,1.3898222,1.0,1.0
0.100876905,0.204474,0.100876905,1.0,1.0
1.0853323,0.19823816,1.0853323,1.0,1.0
0.38974953,0.18907236,0.38974953,1.0,1.0
0.73993486,0.17729412,0.73993486,1.0,1.0
-0.1113525,0.16199584,-0.1113525,-1.0,1.0
-0.034518495,0.15137947,-0.034518495,-1.0,1.0
0.16624552,0.14876345,0.16624552,1.0,1.0
0.4711033,0.15029044,0.4711033,1.0,1.0
-0.056927234,0.15024298,-0.056927234,-1.0,1.0
-0.0320402,0.15116724,-0.0320402,-1.0,1.0
-0.44158357,0.15293002,-0.44158357,-1.0,1.0
-0.18548967,0.15708113,-0.18548967,-1.0,1.0
-0.77328396,0.15970616,-0.77328396,-1.0,1.0
0.12563181,0.1608771,0.12563181,1.0,1.0
1.1351614,0.16090369,1.1351614,1.0,1.0
-2.4478807,0.15620741,-2.4478807,-1.0,1.0
-0.47502145,0.16351685,-0.47502145,-1.0,1.0
2.3790762,0.1726969,2.3790762,1.0,1.0
-0.80808514,0.17501792,-0.80808514,-1.0,1.0
-1.3066223,0.17385636,-1.3066223,-1.0,1.0
-1.3417213,0.17417876,-1.3417213,-1.0,1.0
1.9495968,0.17720613,1.9495968,1.0,1.0
-0.5359231,0.17621489,-0.5359231,-1.0,1.0
1.4154643,0.17363712,1.4154643,1.0,1.0
0.60303134,0.16920638,0.60303134,1.0,1.0
1.0395488,0.16041729,1.0395488,1.0,1.0
0.10153985,0.1491577,0.10153985,1.0,1.0
0.6491921,0.13399322,0.6491921,1.0,1.0
-0.15696836,0.11643031,-0.15696836,-1.0,1.0
0.2879382,0.10191763,0.2879382,1.0,1.0
-1.476054,0.092953056,-1.476054,-1.0,1.0
-0.0602704,0.09828855,-0.0602704,-1.0,1.0
0.7025118,0.09843701,0.7025118,1.0,1.0
-0.7630854,0.08951611,-0.7630854,-1.0,1.0
-0.5467336,0.08657749,-0.5467336,-1.0,1.0
0.5240266,0.08438604,0.5240266,1.0,1.0
1.6631203,0.07817054,1.6631203,1.0,1.0
-0.08680127,0.0669549,-0.08680127,-1.0,1.0
-0.31578326,0.0627213,-0.31578326,-1.0,1.0
0.3622499,0.06047016,0.3622499,1.0,1.0
1.1825202,0.058619354,1.1825202,1.0,1.0
1.4438225,0.05179438,1.4438225,1.0,1.0
-0.097353086,0.04575894,-0.097353086,-1.0,1.0
0.14752328,0.04519058,0.14752328,1.0,1.0
0.4220633,0.044105485,0.4220633,1.0,1.0
0.7719934,0.043004584,0.7719934,1.0,1.0
-0.01960789,0.04109679,-0.01960789,-1.0,1.0
0.32944864,0.040116526,0.32944864,1.0,1.0
-0.40877268,0.04033328,-0.40877268,-1.0,1.0
1.1094191,0.042284694,1.1094191,1.0,1.0
0.36088195,0.045299098,0.36088195,1.0,1.0
-0.530656,0.04579012,-0.530656,-1.0,1.0
-0.680232,0.04781278,-0.680232,-1.0,1.0
0.93060553,0.055828016,0.93060553,1.0,1.0
-0.92106575,0.060277328,-0.92106575,-1.0,1.0
1.0928696,0.052421972,1.0928696,1.0,1.0
0.1782271,0.036080416,0.1782271,1.0,1.0
-0.02148959,0.013896334,-0.02148959,-1.0,1.0
-0.084553994,-0.004954293,0.084553994,-1.0,-1.0
0.6762807,-0.014362457,-0.6762807,1.0,-1.0
-0.7194707,-0.015449426,0.7194707,-1.0,-1.0
0.27480906,-0.010828926,-0.27480906,1.0,-1.0
-0.66783375,-0.0058563533,0.66783375,-1.0,-1.0
0.07034638,-0.00015206571,-0.07034638,1.0,-1.0
0.81654567,0.0033816907,0.81654567,1.0,1.0
0.73733413,0.003158678,0.73733413,1.0,1.0
-1.0435647,-0.0022919432,1.0435647,-1.0,-1.0
-0.8673913,-0.0023930662,0.8673913,-1.0,-1.0
-2.1449401,0.004060198,-2.1449401,-1.0,1.0
1.2173141,0.022143971,1.2173141,1.0,1.0
1.4917958,0.026974274,1.4917958,1.0,1.0
-0.2530052,0.013264068,-0.2530052,-1.0,1.0
-0.8517293,-0.0005701625,0.8517293,-1.0,-1.0
-0.29434115,-0.0042105163,0.29434115,-1.0,-1.0
1.0554742,-0.0009776013,-1.0554742,1.0,-1.0
-0.078388065,0.0012967965,-0.078388065,-1.0,1.0
0.9911292,-0.01134926,-0.9911292,1.0,-1.0
-0.21252838,-0.028183863,0.21252838,-1.0,-1.0
0.18768166,-0.04025978,-0.18768166,1.0,-1.0
0.116531454,-0.04613868,-0.116531454,1.0,-1.0
0.07688819,-0.046553105,-0.07688819,1.0,-1.0
-0.049233355,-0.042424977,0.049233355,-1.0,-1.0
0.14469348,-0.0366264,-0.14469348,1.0,-1.0
-0.36287034,-0.033212513,0.36287034,-1.0,-1.0
0.88340956,-0.031304292,-0.88340956,1.0,-1.0
-0.07967387,-0.031821124,0.07967387,-1.0,-1.0
0.017502487,-0.032667264,-0.017502487,1.0,-1.0
-0.18238673,-0.03175415,0.18238673,-1.0,-1.0
0.46522433,-0.02889742,-0.46522433,1.0,-1.0
0.19484347,-0.028363138,-0.19484347,1.0,-1.0
0.1815202,-0.029454112,-0.1815202,1.0,-1.0
-0.20116937,-0.029901288,0.20116937,-1.0,-1.0
-0.53901243,-0.028958283,0.53901243,-1.0,-1.0
-0.04357156,-0.027082235,0.04357156,-1.0,-1.0
-1.3124468,-0.025715854,1.3124468,-1.0,-1.0
1.400229,-0.019770551,-1.400229,1.0,-1.0
0.5124492,-0.034731634,-0.5124492,1.0,-1.0
-0.10832833,-0.06080018,0.10832833,-1.0,-1.0
0.58112496,-0.0665105,-0.58112496,1.0,-1.0
0.33305973,-0.05985701,-0.33305973,1.0,-1.0
0.23149642,-0.051220402,-0.23149642,1.0,-1.0
0.02773362,-0.04348412,-0.02773362,1.0,-1.0
0.13281597,-0.038285717,-0.13281597,1.0,-1.0
0.5221627,-0.035518594,-0.5221627,1.0,-1.0
0.75000817,-0.035188086,-0.75000817,1.0,-1.0
-0.2021856,-0.035617225,0.2021856,-1.0,-1.0
0.33589754,-0.03388489,-0.33589754,1.0,-1.0
-0.85610247,-0.03204806,0.85610247,-1.0,-1.0
1.1277947,-0.027907297,-1.1277947,1.0,-1.0
0.34511742,-0.029768534,-0.34511742,1.0,-1.0
-0.35168126,-0.033729017,0.35168126,-1.0,-1.0
0.116493456,-0.036099926,-0.116493456,1.0,-1.0
-0.3262241,-0.037247576,0.3262241,-1.0,-1.0
-0.75388545,-0.035481997,0.75388545,-1.0,-1.0
-1.5869513,-0.031837918,1.5869513,-1.0,-1.0
1.516261,-0.02177782,-1.516261,1.0,-1.0
0.824182,-0.020279422,-0.824182,1.0,-1.0
0.201667,-0.028383672,-0.201667,1.0,-1.0
1.0145452,-0.048766643,-1.0145452,1.0,-1.0
0.23821999,-0.06554608,-0.23821999,1.0,-1.0
-0.47124448,-0.060056143,0.47124448,-1.0,-1.0
-0.01862619,-0.043193005,0.01862619,-1.0,-1.0
0.4206153,-0.03313934,-0.4206153,1.0,-1.0
-0.5406048,-0.030461594,0.5406048,-1.0,-1.0
-0.18428056,-0.029604957,0.18428056,-1.0,-1.0
0.82034266,-0.027411725,-0.82034266,1.0,-1.0
-0.46323878,-0.02788867,0.46323878,-1.0,-1.0
0.6005447,-0.029519513,-0.6005447,1.0,-1.0
0.16752662,-0.031977534,-0.16752662,1.0,-1.0
-0.09399083,-0.036300547,0.09399083,-1.0,-1.0
0.09926793,-0.038001515,-0.09926793,1.0,-1.0
0.12757438,-0.03733006,-0.12757438,1.0,-1.0
0.41463807,-0.036548376,-0.41463807,1.0,-1.0
0.16073066,-0.036240414,-0.16073066,1.0,-1.0
0.26208508,-0.03486637,-0.26208508,1.0,-1.0
-0.7060699,-0.032187283,0.7060699,-1.0,-1.0
-1.0748471,-0.027667262,1.0748471,-1.0,-1.0
0.12566923,-0.019659728,-0.12566923,1.0,-1.0
0.8141567,-0.014448906,-0.8141567,1.0,-1.0
0.852379,-0.025521543,-0.852379,1.0,-1.0
0.14957362,-0.04485748,-0.14957362,1.0,-1.0
0.22201182,-0.058124892,-0.22201182,1.0,-1.0
-0.5824919,-0.05469989,0.5824919,-1.0,-1.0
0.88076323,-0.040907018,-0.88076323,1.0,-1.0
0.4306571,-0.03420811,-0.4306571,1.0,-1.0
-0.1349116,-0.031725585,0.1349116,-1.0,-1.0
0.031168863,-0.030568227,-0.031168863,1.0,-1.0
0.28426385,-0.030501127,-0.28426385,1.0,-1.0
-0.033503115,-0.029905997,0.033503115,-1.0,-1.0
-0.33955744,-0.02970247,0.33955744,-1.0,-1.0
-0.13185668,-0.028258257,0.13185668,-1.0,-1.0
-0.46056086,-0.02720362,0.46056086,-1.0,-1.0
-0.77225786,-0.025266305,0.77225786,-1.0,-1.0
0.22764876,-0.022129867,-0.22764876,1.0,-1.0
-0.5746638,-0.02351119,0.5746638,-1.0,-1.0
0.8473997,-0.025937442,-0.8473997,1.0,-1.0
-0.15511404,-0.030503564,0.15511404,-1.0,-1.0
-0.9110873,-0.033460967,0.9110873,-1.0,-1.0
-1.6977311,-0.03169948,1.6977311,-1.0,-1.0
-0.08123585,-0.019507539,0.08123585,-1.0,-1.0
0.9519611,-0.013176943,-0.9519611,1.0,-1.0
1.2134715,-0.031583883,-1.2134715,1.0,-1.0
0.14610091,-0.06796005,-0.14610091,1.0,-1.0
-0.27763826,-0.0835405,0.27763826,-1.0,-1.0
-2.036411,-0.07813874,2.036411,-1.0,-1.0
0.15691842,-0.059711903,-0.15691842,1.0,-1.0
-1.1909714,-0.047711328,1.1909714,-1.0,-1.0
1.1491477,-0.04422182,-1.1491477,1.0,-1.0
-1.2985898,-0.050588652,1.2985898,-1.0,-1.0
1.0524515,-0.05557447,-1.0524515,1.0,-1.0
0.41027927,-0.063608445,-0.41027927,1.0,-1.0
0.8298281,-0.069115296,-0.8298281,1.0,-1.0
-0.1913723,-0.073165245,0.1913723,-1.0,-1.0
-0.24167806,-0.07407814,0.24167806,-1.0,-1.0
0.30225146,-0.06830772,-0.30225146,1.0,-1.0
1.7063102,-0.06167447,-1.7063102,1.0,-1.0
0.74602103,-0.057525933,-0.74602103,1.0,-1.0
0.337477,-0.054895602,-0.337477,1.0,-1.0
0.7393339,-0.051085167,-0.7393339,1.0,-1.0
0.36640295,-0.048474714,-0.36640295,1.0,-1.0
0.2995872,-0.046097443,-0.2995872,1.0,-1.0
-0.10725537,-0.057631843,0.10725537,-1.0,-1.0
0.47481966,-0.06698708,-0.47481966,1.0,-1.0
0.18197952,-0.06788996,-0.18197952,1.0,-1.0
-0.5051568,-0.063392006,0.5051568,-1.0,-1.0
0.98292816,-0.056623884,-0.98292816,1.0,-1.0
0.19493347,-0.052659698,-0.19493347,1.0,-1.0
0.18000771,-0.051600717,-0.18000771,1.0,-1.0
0.3680363,-0.052044816,-0.3680363,1.0,-1.0
0.64612794,-0.053073376,-0.64612794,1.0,-1.0
0.41819423,-0.054468386,-0.41819423,1.0,-1.0
0.37327996,-0.05398497,-0.37327996,1.0,-1.0
0.088778794,-0.051271655,-0.088778794,1.0,-1.0
-0.3498776,-0.049197137,0.3498776,-1.0,-1.0
-0.82258236,-0.048708618,0.82258236,-1.0,-1.0
0.7222656,-0.05068189,-0.7222656,1.0,-1.0
-0.0010739783,-0.056578584,0.0010739783,-1.0,-1.0
0.38652295,-0.061522953,-0.38652295,1.0,-1.0
-0.26016253,-0.063185975,0.26016253,-1.0,-1.0
0.33847803,-0.06157904,-0.33847803,1.0,-1.0
-0.13986656,-0.059015647,0.13986656,-1.0,-1.0
-0.31971365,-0.068945125,0.31971365,-1.0,-1.0
0.1657133,-0.0814531,-0.1657133,1.0,-1.0
0.22938506,-0.091905415,-0.22938506,1.0,-1.0
-2.2724822,-0.09431349,2.2724822,-1.0,-1.0
1.32002,-0.09114027,-1.32002,1.0,-1.0
-1.896131,-0.1068888,1.896131,-1.0,-1.0
-1.1815188,-0.13790143,1.1815188,-1.0,-1.0
1.4194436,-0.19200373,-1.4194436,1.0,-1.0
-0.8448564,-0.2849397,0.8448564,-1.0,-1.0
1.1730874,-0.40708622,-1.1730874,1.0,-1.0
2.070708,-0.5396601,-2.070708,1.0,-1.0
0.30852854,-0.6193347,-0.30852854,1.0,-1.0
-0.718108,-0.6033723,0.718108,-1.0,-1.0
0.9549073,-0.51289725,-0.9549073,1.0,-1.0
-0.9136168,-0.38781127,0.9136168,-1.0,-1.0
-0.74706775,-0.2706476,0.74706775,-1.0,-1.0
1.6348464,-0.18812887,-1.6348464,1.0,-1.0
-0.87434155,-0.14294271,0.87434155,-1.0,-1.0
-1.0287681,-0.11966354,1.0287681,-1.0,-1.0
-1.1388057,-0.109264106,1.1388057,-1.0,-1.0
1.7777934,-0.10807684,-1.7777934,1.0,-1.0
1.0180197,-0.13218889,-1.0180197,1.0,-1.0
0.62237,-0.15727991,-0.62237,1.0,-1.0
1.3838935,-0.15649855,-1.3838935,1.0,-1.0
-0.10101549,-0.13722694,0.10101549,-1.0,-1.0
0.14018951,-0.11441995,-0.14018951,1.0,-1.0
-0.29897556,-0.09488486,0.29897556,-1.0,-1.0
-0.262618,-0.08009666,0.262618,-1.0,-1.0
0.6374053,-0.07005845,-0.6374053,1.0,-1.0
-0.0629622,-0.064315684,0.0629622,-1.0,-1.0
-1.9392757,-0.060544997,1.9392757,-1.0,-1.0
-0.09637691,-0.05728527,0.09637691,-1.0,-1.0
-0.4050217,-0.056773014,0.4050217,-1.0,-1.0
-0.14410312,-0.059552237,0.14410312,-1.0,-1.0
0.91599846,-0.06313963,-0.91599846,1.0,-1.0
0.28177544,-0.06639304,-0.28177544,1.0,-1.0
-1.4243616,-0.06802072,1.4243616,-1.0,-1.0
0.08199803,-0.066944756,-0.08199803,1.0,-1.0
-1.8387946,-0.06719866,1.8387946,-1.0,-1.0
-0.9689542,-0.06861449,0.9689542,-1.0,-1.0
-1.1037378,-0.074491784,1.1037378,-1.0,-1.0
-1.8914822,-0.0881612,1.8914822,-1.0,-1.0
0.2771739,-0.11594999,-0.2771739,1.0,-1.0
-1.2171906,-0.2030029,1.2171906,-1.0,-1.0
-0.14966358,-0.36847302,0.14966358,-1.0,-1.0
-0.5384089,-0.5939282,0.5384089,-1.0,-1.0
2.4347646,-0.824111,-2.4347646,1.0,-1.0
1.8885952,-0.98917043,-1.8885952,1.0,-1.0
0.68630034,-1.0485247,-0.68630034,1.0,-1.0
0.94225156,-1.0004187,-0.94225156,1.0,-1.0
-2.4391081,-0.87213045,2.4391081,-1.0,-1.0
0.515693,-0.70504165,-0.515693,1.0,-1.0
-0.37017125,-0.53199065,0.37017125,-1.0,-1.0
0.84012073,-0.38135698,-0.84012073,1.0,-1.0
1.4517208,-0.26574728,-1.4517208,1.0,-1.0
-1.8115726,-0.18519959,1.8115726,-1.0,-1.0
-1.8969455,-0.13550073,1.8969455,-1.0,-1.0
-0.38405967,-0.10874182,0.38405967,-1.0,-1.0
1.5766721,-0.10654849,-1.5766721,1.0,-1.0
0.08812077,-0.12883766,-0.08812077,1.0,-1.0
-2.1173139,-0.16119769,2.1173139,-1.0,-1.0
-0.71661615,-0.19536804,0.71661615,-1.0,-1.0
-1.0142945,-0.23585686,1.0142945,-1.0,-1.0
-1.8412123,-0.3164745,1.8412123,-1.0,-1.0
1.4956857,-0.4237647,-1.4956857,1.0,-1.0
2.2372677,-0.5468556,-2.2372677,1.0,-1.0
-0.24426034,-0.65378076,0.24426034,-1.0,-1.0
-1.5473504,-0.7364598,1.5473504,-1.0,-1.0
1.8642691,-0.82156795,-1.8642691,1.0,-1.0
-0.5254666,-0.9076545,0.5254666,-1.0,-1.0
-0.79340434,-0.98090875,0.79340434,-1.0,-1.0
-2.9518158,-1.040126,2.9518158,-1.0,-1.0
-0.7233754,-1.1148291,0.7233754,-1.0,-1.0
2.5698245,-1.206698,-2.5698245,1.0,-1.0
-0.42918134,-1.2865779,0.42918134,-1.0,-1.0
-1.2961545,-1.3269024,1.2961545,-1.0,-1.0
-0.74210024,-1.3297145,0.74210024,-1.0,-1.0
2.1408575,-1.3096892,-2.1408575,1.0,-1.0
2.2383761,-1.2677125,-2.2383761,1.0,-1.0
1.2347817,-1.1898221,-1.2347817,1.0,-1.0
1.1662295,-1.068513,-1.1662295,1.0,-1.0
-0.04346604,-0.89711803,0.04346604,-1.0,-1.0
1.1304114,-0.71756864,-1.1304114,1.0,-1.0
-1.2272699,-0.5350915,1.2272699,-1.0,-1.0
1.4343913,-0.37043822,-1.4343913,1.0,-1.0
0.50661707,-0.23981503,-0.50661707,1.0,-1.0
0.71449554,-0.15305306,-0.71449554,1.0,-1.0
1.2256547,-0.10137911,-1.2256547,1.0,-1.0
-0.62937003,-0.07077195,0.62937003,-1.0,-1.0
-1.5652541,-0.052642137,1.5652541,-1.0,-1.0
0.34102225,-0.040939875,-0.34102225,1.0,-1.0
0.8090939,-0.034450345,-0.8090939,1.0,-1.0
-1.2551721,-0.031498037,1.2551721,-1.0,-1.0
-0.9716916,-0.02892331,0.9716916,-1.0,-1.0
0.42533857,-0.026888005,-0.42533857,1.0,-1.0
-0.26510262,-0.026117295,0.26510262,-1.0,-1.0
-1.687729,-0.026254922,1.687729,-1.0,-1.0
-0.34174478,-0.025891729,0.34174478,-1.0,-1.0
1.1174577,-0.026209082,-1.1174577,1.0,-1.0
-1.2144138,-0.02803507,1.2144138,-1.0,-1.0
-0.020486828,-0.029781237,0.020486828,-1.0,-1.0
1.6057605,-0.030989565,-1.6057605,1.0,-1.0
-0.0618475,-0.03153818,0.0618475,-1.0,-1.0
-1.4752948,-0.031147607,1.4752948,-1.0,-1.0
-2.7740054,-0.029441223,2.7740054,-1.0,-1.0
0.5697937,-0.028167099,-0.5697937,1.0,-1.0
-2.8146307,-0.026167866,2.8146307,-1.0,-1.0
0.20980468,-0.02381865,-0.20980468,1.0,-1.0
2.4746897,-0.028561734,-2.4746897,1.0,-1.0
-3.6284506,-0.045432255,3.6284506,-1.0,-1.0
0.56752425,-0.072805576,-0.56752425,1.0,-1.0
0.48371267,-0.115111515,-0.48371267,1.0,-1.0
2.986242,-0.16295895,-2.986242,1.0,-1.0
-3.564971,-0.192898,3.564971,-1.0,-1.0
-0.5674225,-0.2080872,0.5674225,-1.0,-1.0
-3.2037098,-0.2146907,3.2037098,-1.0,-1.0
0.24578975,-0.22916406,-0.24578975,1.0,-1.0
-1.6463207,-0.25713345,1.6463207,-1.0,-1.0
-0.12959646,-0.29441178,0.12959646,-1.0,-1.0
2.3869696,-0.33578843,-2.3869696,1.0,-1.0
-0.3946401,-0.36267865,0.3946401,-1.0,-1.0
2.0169632,-0.35847545,-2.0169632,1.0,-1.0
-4.039526,-0.31909403,4.039526,-1.0,-1.0
-0.5833782,-0.2711541,0.5833782,-1.0,-1.0
0.014614177,-0.2290447,-0.014614177,1.0,-1.0
1.855504,-0.2215488,-1.855504,1.0,-1.0
-0.8120798,-0.23072821,0.8120798,-1.0,-1.0
0.94507647,-0.22741291,-0.94507647,1.0,-1.0
1.9883256,-0.21166904,-1.9883256,1.0,-1.0
2.4742262,-0.1906046,-2.4742262,1.0,-1.0
-0.6274369,-0.16650566,0.6274369,-1.0,-1.0
-0.7482769,-0.14293292,0.7482769,-1.0,-1.0
1.8431019,-0.12171532,-1.8431019,1.0,-1.0
-1.6347314,-0.1029986,1.6347314,-1.0,-1.0
0.31374007,-0.08687144,-0.31374007,1.0,-1.0
0.9523393,-0.07367877,-0.9523393,1.0,-1.0
-1.0793946,-0.06276502,1.0793946,-1.0,-1.0
-2.3798692,-0.05374343,2.3798692,-1.0,-1.0
-2.9110303,-0.046217382,2.9110303,-1.0,-1.0
-3.876843,-0.040553078,3.876843,-1.0,-1.0
-0.37736797,-0.036266692,0.37736797,-1.0,-1.0
1.4592505,-0.03877005,-1.4592505,1.0,-1.0
-3.2511952,-0.048526272,3.2511952,-1.0,-1.0
0.22008656,-0.061629713,-0.22008656,1.0,-1.0
2.4477243,-0.07745611,-2.4477243,1.0,-1.0
-0.13015722,-0.09312497,0.13015722,-1.0,-1.0
0.95322174,-0.12721507,-0.95322174,1.0,-1.0
3.0563293,-0.15019159,-3.0563293,1.0,-1.0
-0.29730716,-0.1538811,0.29730716,-1.0,-1.0
-2.0143037,-0.14357798,2.0143037,-1.0,-1.0
-0.07117454,-0.12806684,0.07117454,-1.0,-1.0
-0.8759278,-0.11338505,0.8759278,-1.0,-1.0
1.0553814,-0.10261126,-1.0553814,1.0,-1.0
0.15841286,-0.095294416,-0.15841286,1.0,-1.0
0.35731643,-0.08986073,-0.35731643,1.0,-1.0
1.4964589,-0.08522351,-1.4964589,1.0,-1.0
-0.083027154,-0.08026692,0.083027154,-1.0,-1.0
-1.1527462,-0.07403704,1.1527462,-1.0,-1.0
-0.9243879,-0.06669915,0.9243879,-1.0,-1.0
-0.44569024,-0.060254492,0.44569024,-1.0,-1.0
-0.2998634,-0.055433057,0.2998634,-1.0,-1.0
1.9201249,-0.052329004,-1.9201249,1.0,-1.0
-0.8363572,-0.050160304,0.8363572,-1.0,-1.0
2.762829,-0.04738774,-2.762829,1.0,-1.0
0.5895806,-0.044465743,-0.5895806,1.0,-1.0
0.9861373,-0.04131534,-0.9861373,1.0,-1.0
-0.9332467,-0.03814105,0.9332467,-1.0,-1.0
0.13151671,-0.035313986,-0.13151671,1.0,-1.0
-1.1543202,-0.03309504,1.1543202,-1.0,-1.0
2.6156273,-0.028999135,-2.6156273,1.0,-1.0
1.2133337,-0.025769554,-1.2133337,1.0,-1.0
1.420776,-0.024058413,-1.420776,1.0,-1.0
-0.2823084,-0.023507793,0.2823084,-1.0,-1.0
-0.66623956,-0.022470128,0.66623956,-1.0,-1.0
1.5638477,-0.021392558,-1.5638477,1.0,-1.0
-0.077734016,-0.021582779,0.077734016,-1.0,-1.0
-0.1625746,-0.022265706,0.1625746,-1.0,-1.0
-0.12375508,-0.022964913,0.12375508,-1.0,-1.0
-0.4248693,-0.022853862,0.4248693,-1.0,-1.0
2.1290638,-0.022124022,-2.1290638,1.0,-1.0
-0.070547394,-0.022187036,0.070547394,-1.0,-1.0
1.732237,-0.022217713,-1.732237,1.0,-1.0
0.39695418,-0.022090543,-0.39695418,1.0,-1.0
0.187568,-0.021386229,-0.187568,1.0,-1.0
-0.7237795,-0.020687979,0.7237795,-1.0,-1.0
0.22695611,-0.020091914,-0.22695611,1.0,-1.0
-1.2900001,-0.019710828,1.2900001,-1.0,-1.0
-2.1400065,-0.019414708,2.1400065,-1.0,-1.0
-0.22378626,-0.017957866,0.22378626,-1.0,-1.0
0.29161605,-0.016810242,-0.29161605,1.0,-1.0
1.4091605,-0.016065765,-1.4091605,1.0,-1.0
-3.368806,-0.01594375,3.368806,-1.0,-1.0
-0.6666356,-0.0142771145,0.6666356,-1.0,-1.0
-1.1028155,-0.013016048,1.1028155,-1.0,-1.0
-0.7817025,-0.013028084,0.7817025,-1.0,-1.0
0.2996232,-0.014739911,-0.2996232,1.0,-1.0
-1.07365,-0.017699119,1.07365,-1.0,-1.0
-0.4095057,-0.020603329,0.4095057,-1.0,-1.0
1.8341017,-0.022576962,-1.8341017,1.0,-1.0
0.6610722,-0.024778519,-0.6610722,1.0,-1.0
1.527145,-0.026443515,-1.527145,1.0,-1.0
1.0584273,-0.026869912,-1.0584273,1.0,-1.0
-4.3236613,-0.025503255,4.3236613,-1.0,-1.0
0.33870122,-0.021860085,-0.33870122,1.0,-1.0
-1.131774,-0.019117981,1.131774,-1.0,-1.0
-0.7182134,-0.01762252,0.7182134,-1.0,-1.0
0.6857101,-0.017161563,-0.6857101,1.0,-1.0
-1.1272103,-0.01746032,1.1272103,-1.0,-1.0
-1.7116494,-0.017448623,1.7116494,-1.0,-1.0
-0.8427581,-0.016667627,0.8427581,-1.0,-1.0
-1.7232621,-0.019698005,1.7232621,-1.0,-1.0
-1.0340526,-0.022396583,1.0340526,-1.0,-1.0
-0.21203598,-0.021786086,0.21203598,-1.0,-1.0
1.967214,-0.021651845,-1.967214,1.0,-1.0
-2.1126437,-0.024186037,2.1126437,-1.0,-1.0
-1.5066695,-0.027412985,1.5066695,-1.0,-1.0
2.5883894,-0.031945147,-2.5883894,1.0,-1.0
3.0583704,-0.03856118,-3.0583704,1.0,-1.0
-0.20179488,-0.044734545,0.20179488,-1.0,-1.0
-1.0245081,-0.048951596,1.0245081,-1.0,-1.0
-2.8003619,-0.048936754,2.8003619,-1.0,-1.0
-0.6519176,-0.046852313,0.6519176,-1.0,-1.0
-0.3290773,-0.045424797,0.3290773,-1.0,-1.0
2.5965643,-0.048466824,-2.5965643,1.0,-1.0
-2.3662663,-0.05533032,2.3662663,-1.0,-1.0
2.6480052,-0.0626983,-2.6480052,1.0,-1.0
1.1427569,-0.0689378,-1.1427569,1.0,-1.0
-0.66720974,-0.07176756,0.66720974,-1.0,-1.0
-0.795091,-0.06998668,0.795091,-1.0,-1.0
2.3724818,-0.0643857,-2.3724818,1.0,-1.0
1.1881976,-0.06299445,-1.1881976,1.0,-1.0
1.6266656,-0.061696567,-1.6266656,1.0,-1.0
-0.7387716,-0.047377646,0.7387716,-1.0,-1.0
-0.60826105,-0.032285064,0.60826105,-1.0,-1.0
2.462638,-0.02191617,-2.462638,1.0,-1.0
-0.7454404,-0.015356316,0.7454404,-1.0,-1.0
-0.41012305,-0.011107161,0.41012305,-1.0,-1.0
-2.5001986,-0.007920119,2.5001986,-1.0,-1.0
-1.0585992,-0.005386013,1.0585992,-1.0,-1.0
1.3618724,-0.0036693618,-1.3618724,1.0,-1.0
0.9613982,-0.0030562163,-0.9613982,1.0,-1.0
0.5597893,-0.0028482296,-0.5597893,1.0,-1.0
-2.0777886,-0.0015430966,2.0777886,-1.0,-1.0
5.5434484,0.00010842894,5.5434484,1.0,1.0
-0.8935777,0.00020708208,-0.8935777,-1.0,1.0
0.87131166,-0.00044811453,-0.87131166,1.0,-1.0
-0.8252047,-0.00036344986,0.8252047,-1.0,-1.0
-0.30893227,2.0567968e-05,-0.30893227,-1.0,1.0
0.47585818,-0.00022463064,-0.47585818,1.0,-1.0
-0.38836887,-0.0013216132,0.38836887,-1.0,-1.0
1.3579988,-0.003944974,-1.3579988,1.0,-1.0
0.59146893,-0.006558507,-0.59146893,1.0,-1.0
-0.02830442,-0.0052896435,0.02830442,-1.0,-1.0
-1.5444193,-0.0027106993,1.5444193,-1.0,-1.0
-0.15918653,0.0006697184,-0.15918653,-1.0,1.0
3.094787,0.0027698062,3.094787,1.0,1.0
-0.08676332,0.0027310743,-0.08676332,-1.0,1.0
-0.11946605,0.0016164934,-0.11946605,-1.0,1.0
-1.7894212,-0.00013573031,1.7894212,-1.0,-1.0
-1.4399195,-0.00054607476,1.4399195,-1.0,-1.0
-0.18623708,0.0009049854,-0.18623708,-1.0,1.0
0.7521782,0.0028734624,0.7521782,1.0,1.0
-0.7349579,0.0033129312,-0.7349579,-1.0,1.0
1.4279296,0.0025460392,1.4279296,1.0,1.0
0.7289664,0.0029877394,0.7289664,1.0,1.0
-0.6052725,0.0010375871,-0.6052725,-1.0,1.0
-2.4921675,-0.0028671764,2.4921675,-1.0,-1.0
-1.1137751,-0.0046789045,1.1137751,-1.0,-1.0
-0.9007516,-0.00598479,0.9007516,-1.0,-1.0
0.10373384,-0.007475342,-0.10373384,1.0,-1.0
1.4867992,-0.009871515,-1.4867992,1.0,-1.0
-1.4451699,-0.012521449,1.4451699,-1.0,-1.0
0.58681023,-0.0123397885,-0.58681023,1.0,-1.0
-0.4049622,-0.008213422,0.4049622,-1.0,-1.0
-1.2020638,-0.0034817823,1.2020638,-1.0,-1.0
1.7461332,0.00033646513,1.7461332,1.0,1.0
-0.25407425,0.0024966828,-0.25407425,-1.0,1.0
-0.4000549,0.0035592623,-0.4000549,-1.0,1.0
0.7538971,0.005573612,0.7538971,1.0,1.0
-1.1645529,0.006724956,-1.1645529,-1.0,1.0
2.2840781,0.0072834366,2.2840781,1.0,1.0
-0.07676326,0.0058004376,-0.07676326,-1.0,1.0
0.69782335,0.0040307124,0.69782335,1.0,1.0
1.2849425,0.00014595379,1.2849425,1.0,1.0
0.34159058,-0.0028309554,-0.34159058,1.0,-1.0
0.39968583,-0.006524026,-0.39968583,1.0,-1.0
-0.20304912,-0.0098459935,0.20304912,-1.0,-1.0
-1.5562599,-0.0110699935,1.5562599,-1.0,-1.0
-0.76383495,-0.009390882,0.76383495,-1.0,-1.0
1.8918401,-0.0071319337,-1.8918401,1.0,-1.0
1.1881346,-0.0066629346,-1.1881346,1.0,-1.0
-0.07115031,-0.0071006375,0.07115031,-1.0,-1.0
-0.018172506,-0.011241368,0.018172506,-1.0,-1.0
1.1007854,-0.015082358,-1.1007854,1.0,-1.0
0.24948408,-0.017033976,-0.24948408,1.0,-1.0
-1.296874,-0.014291677,1.296874,-1.0,-1.0
1.464247,-0.009193043,-1.464247,1.0,-1.0
1.0452304,-0.0051204967,-1.0452304,1.0,-1.0
1.4699373,-0.0036618032,-1.4699373,1.0,-1.0
-1.0354611,-0.002945266,1.0354611,-1.0,-1.0
-0.6140463,-0.0032137998,0.6140463,-1.0,-1.0
1.2872511,-0.0028674707,-1.2872511,1.0,-1.0
-1.1080724,-0.0031336986,1.1080724,-1.0,-1.0
-0.88297963,-0.0024857179,0.88297963,-1.0,-1.0
0.21952617,-0.0008235232,-0.21952617,1.0,-1.0
1.144861,6.496598e-05,1.144861,1.0,1.0
-0.028041456,0.00025939633,-0.028041456,-1.0,1.0
0.27731758,-0.0013305278,-0.27731758,1.0,-1.0
-1.3788742,-0.0037262284,1.3788742,-1.0,-1.0
-0.27674058,-0.0038665638,0.27674058,-1.0,-1.0
-2.0041234,-0.002816382,2.0041234,-1.0,-1.0
-0.15735562,0.00050219585,-0.15735562,-1.0,1.0
0.53294295,0.0012255689,0.53294295,1.0,1.0
-1.0537552,-0.00017234992,1.0537552,-1.0,-1.0
0.30730045,-0.0013587804,-0.30730045,1.0,-1.0
-0.3036002,0.0016851953,-0.3036002,-1.0,1.0
-0.47252652,0.00535572,-0.47252652,-1.0,1.0
0.7582194,0.007471141,0.7582194,1.0,1.0
1.6147738,0.0067285397,1.6147738,1.0,1.0
0.068716675,0.0046591708,0.068716675,1.0,1.0
-1.532692,0.002993387,-1.532692,-1.0,1.0
0.1414794,0.0035225756,0.1414794,1.0,1.0
-1.8459358,0.0043280968,-1.8459358,-1.0,1.0
-1.4478139,0.008586203,-1.4478139,-1.0,1.0
-0.1509761,0.016327951,-0.1509761,-1.0,1.0
1.6476655,0.023568008,1.6476655,1.0,1.0
-0.6980883,0.0222463,-0.6980883,-1.0,1.0
1.7562007,0.018717123,1.7562007,1.0,1.0
-1.1019458,0.007634277,-1.1019458,-1.0,1.0
0.8918404,-0.002657219,-0.8918404,1.0,-1.0
1.2982194,-0.015345304,-1.2982194,1.0,-1.0
-1.6463224,-0.032384828,1.6463224,-1.0,-1.0
0.29845288,-0.044985935,-0.29845288,1.0,-1.0
0.5639807,-0.04631315,-0.5639807,1.0,-1.0
0.16469543,-0.028186418,-0.16469543,1.0,-1.0
-0.15738435,-0.013709514,0.15738435,-1.0,-1.0
1.4237269,-0.004964504,-1.4237269,1.0,-1.0
0.57152694,-0.002531811,-0.57152694,1.0,-1.0
1.4436543,-0.0029854767,-1.4436543,1.0,-1.0
0.36988464,-0.00416268,-0.36988464,1.0,-1.0
-0.5796972,-0.005442265,0.5796972,-1.0,-1.0
-0.24923706,-0.0054272222,0.24923706,-1.0,-1.0
0.3579163,-0.004488829,-0.3579163,1.0,-1.0
0.099630296,-0.0046899687,-0.099630296,1.0,-1.0
-0.004135247,-0.0047249566,0.004135247,-1.0,-1.0
-0.4134884,-0.004508115,0.4134884,-1.0,-1.0
1.326269,-0.004649564,-1.326269,1.0,-1.0
-0.20693734,-0.007730558,0.20693734,-1.0,-1.0
0.33061573,-0.012043013,-0.33061573,1.0,-1.0
0.08552203,-0.015139817,-0.08552203,1.0,-1.0
-0.0084262,-0.015792895,0.0084262,-1.0,-1.0
-0.59525484,-0.014999221,0.59525484,-1.0,-1.0
0.09031889,-0.012179974,-0.09031889,1.0,-1.0
0.085157916,-0.009717754,-0.085157916,1.0,-1.0
-1.5810859,-0.010639421,1.5810859,-1.0,-1.0
-0.38411874,-0.009776632,0.38411874,-1.0,-1.0
1.9566149,-0.008186801,-1.9566149,1.0,-1.0
0.8253203,-0.006207499,-0.8253203,1.0,-1.0
-0.038610652,-0.0057569253,0.038610652,-1.0,-1.0
-1.1586263,-0.0065875645,1.1586263,-1.0,-1.0
-0.69983053,-0.004466101,0.69983053,-1.0,-1.0
-0.7218732,-0.00064327504,0.7218732,-1.0,-1.0
1.8474752,0.0044993632,1.8474752,1.0,1.0
0.045212865,0.003483961,0.045212865,1.0,1.0
-0.45794213,-0.0012969183,0.45794213,-1.0,-1.0
0.4483965,-0.0049950103,-0.4483965,1.0,-1.0
-0.1696624,-0.0075705308,0.1696624,-1.0,-1.0
-0.15833068,-0.008569292,0.15833068,-1.0,-1.0
0.29581645,-0.00867921,-0.29581645,1.0,-1.0
-0.6377683,-0.0085043,0.6377683,-1.0,-1.0
1.1890829,-0.0069282646,-1.1890829,1.0,-1.0
0.94450486,-0.0067511904,-0.94450486,1.0,-1.0
-0.14458674,-0.008454143,0.14458674,-1.0,-1.0
0.015503471,-0.010371852,-0.015503471,1.0,-1.0
-1.1222026,-0.010708055,1.1222026,-1.0,-1.0
-0.73186004,-0.008075557,0.73186004,-1.0,-1.0
0.8757581,-0.0028205246,-0.8757581,1.0,-1.0
1.3049086,0.008779327,1.3049086,1.0,1.0
0.0016603252,0.018270858,0.0016603252,1.0,1.0
-0.61086243,0.02334325,-0.61086243,-1.0,1.0
0.9854454,0.025535606,0.9854454,1.0,1.0
1.4534425,0.019733697,1.4534425,1.0,1.0
-0.20035817,0.0086122705,-0.20035817,-1.0,1.0
0.23538963,-0.0014196889,-0.23538963,1.0,-1.0
-0.38120097,-0.008481651,0.38120097,-1.0,-1.0
0.61886424,-0.012235357,-0.61886424,1.0,-1.0
0.11480595,-0.012806564,-0.11480595,1.0,-1.0
0.9321149,-0.010974999,-0.9321149,1.0,-1.0
0.693249,-0.0064516324,-0.693249,1.0,-1.0
0.08194255,-0.0028179318,-0.08194255,1.0,-1.0
1.2178136,-0.0011277565,-1.2178136,1.0,-1.0
-0.36716196,0.00092291896,-0.36716196,-1.0,1.0
-0.47351077,0.0011364823,-0.47351077,-1.0,1.0
-0.52452815,0.0012064954,-0.52452815,-1.0,1.0
0.37107983,0.00047124614,0.37107983,1.0,1.0
-0.7658809,-0.0028435618,0.7658809,-1.0,-1.0
-0.44868383,-0.0047989073,0.44868383,-1.0,-1.0
1.1455855,-0.004132233,-1.1455855,1.0,-1.0
-0.03540767,0.005075593,-0.03540767,-1.0,1.0
0.44735447,0.015004818,0.44735447,1.0,1.0
1.2269005,0.02136748,1.2269005,1.0,1.0
0.11706778,0.024549995,0.11706778,1.0,1.0
-0.19683182,0.024639895,-0.19683182,-1.0,1.0
-0.79225105,0.022711262,-0.79225105,-1.0,1.0
-0.28651005,0.02164099,-0.28651005,-1.0,1.0
0.24050261,0.019248204,0.24050261,1.0,1.0
0.67422116,0.017013777,0.67422116,1.0,1.0
0.7411234,0.015279247,0.7411234,1.0,1.0
0.8470153,0.011927755,0.8470153,1.0,1.0
-0.102440715,0.009143052,-0.102440715,-1.0,1.0
0.38553825,0.006880772,0.38553825,1.0,1.0
0.7117275,0.0060813264,0.7117275,1.0,1.0
0.23579103,0.006054536,0.23579103,1.0,1.0
-0.67568964,0.007983149,-0.67568964,-1.0,1.0
0.032409452,0.010000237,0.032409452,1.0,1.0
0.40341538,0.010863678,0.40341538,1.0,1.0
0.28146738,0.00978966,0.28146738,1.0,1.0
-0.015543888,0.007948625,-0.015543888,-1.0,1.0
-0.6424666,0.005628428,-0.6424666,-1.0,1.0
0.98778427,0.004595852,0.98778427,1.0,1.0
0.1468713,0.003208895,0.1468713,1.0,1.0
-0.26650876,0.0026646971,-0.26650876,-1.0,1.0
-1.383954,0.0028707057,-1.383954,-1.0,1.0
-0.25479737,0.007231631,-0.25479737,-1.0,1.0
-0.5300074,0.011308488,-0.5300074,-1.0,1.0
0.90240926,0.017864734,0.90240926,1.0,1.0
-0.42182833,0.020531641,-0.42182833,-1.0,1.0
-0.70387304,0.021313855,-0.70387304,-1.0,1.0
0.025071394,0.02130804,0.025071394,1.0,1.0
-0.10696924,0.019115968,-0.10696924,-1.0,1.0
0.57504755,0.013152798,0.57504755,1.0,1.0
-1.1550909,0.006986989,-1.1550909,-1.0,1.0
-0.75553954,0.0058230204,-0.75553954,-1.0,1.0
-0.7712913,0.007945438,-0.7712913,-1.0,1.0
-0.014870684,0.013098695,-0.014870684,-1.0,1.0
0.68791884,0.017618043,0.68791884,1.0,1.0
-0.27774668,0.013940944,-0.27774668,-1.0,1.0
1.104488,0.007943216,1.104488,1.0,1.0
-1.3457974,0.003020887,-1.3457974,-1.0,1.0
0.6717966,0.00311862,0.6717966,1.0,1.0
0.6264619,0.0027611337,0.6264619,1.0,1.0
1.4508307,0.0013792223,1.4508307,1.0,1.0
0.38331822,-0.0005076484,-0.38331822,1.0,-1.0
-0.15969366,-0.0024319657,0.15969366,-1.0,-1.0
0.17991292,-0.003708861,-0.17991292,1.0,-1.0
-0.41941777,-0.005193896,0.41941777,-1.0,-1.0
-0.69715995,-0.004879042,0.69715995,-1.0,-1.0
-0.32112658,-0.0025131584,0.32112658,-1.0,-1.0
0.14266227,0.00054293935,0.14266227,1.0,1.0
0.67234534,0.0028042726,0.67234534,1.0,1.0
-0.56958854,0.0040494488,-0.56958854,-1.0,1.0
0.12416324,0.0056434893,0.12416324,1.0,1.0
0.8429919,0.0062841256,0.8429919,1.0,1.0
-1.2159612,0.005369725,-1.2159612,-1.0,1.0
0.07212877,0.0053345324,0.07212877,1.0,1.0
-0.21510106,0.0065457695,-0.21510106,-1.0,1.0
-0.9394795,0.008013227,-0.9394795,-1.0,1.0
-1.6400934,0.011079173,-1.6400934,-1.0,1.0
-0.22955987,0.016648227,-0.22955987,-1.0,1.0
0.4023065,0.019080458,0.4023065,1.0,1.0
-1.4734534,0.017850904,-1.4734534,-1.0,1.0
0.022931406,0.018315168,0.022931406,1.0,1.0
0.5893174,0.02162688,0.5893174,1.0,1.0
-0.2709582,0.023238868,-0.2709582,-1.0,1.0
0.007936758,0.023242941,0.007936758,1.0,1.0
-1.3744072,0.021712724,-1.3744072,-1.0,1.0
0.8109755,0.022456756,0.8109755,1.0,1.0
-0.13040301,0.022119822,-0.13040301,-1.0,1.0
1.1814892,0.020551732,1.1814892,1.0,1.0
0.5207991,0.016094377,0.5207991,1.0,1.0
0.4293008,0.011404191,0.4293008,1.0,1.0
-0.62464345,0.00749898,-0.62464345,-1.0,1.0
-0.5018859,0.005273557,-0.5018859,-1.0,1.0
1.0594369,0.009829166,1.0594369,1.0,1.0
-0.009824506,0.012093659,-0.009824506,-1.0,1.0
-1.339982,0.012674409,-1.339982,-1.0,1.0
-0.84828484,0.014163663,-0.84828484,-1.0,1.0
-1.2585282,0.018899182,-1.2585282,-1.0,1.0
-0.16855699,0.0239969,-0.16855699,-1.0,1.0
0.72657925,0.02564031,0.72657925,1.0,1.0
-1.4339627,0.021841818,-1.4339627,-1.0,1.0
-1.183252,0.017286096,-1.183252,-1.0,1.0
-0.48002806,0.021121625,-0.48002806,-1.0,1.0
1.2010022,0.02852014,1.2010022,1.0,1.0
0.64749575,0.029970307,0.64749575,1.0,1.0
1.0505999,0.024667958,1.0505999,1.0,1.0
1.8858557,0.013528324,1.8858557,1.0,1.0
0.939373,0.0029571138,0.939373,1.0,1.0
0.17529924,-0.004431359,-0.17529924,1.0,-1.0
0.2840119,-0.007934886,-0.2840119,1.0,-1.0
0.10049156,-0.0072037163,-0.10049156,1.0,-1.0
-0.80838394,-0.0039058954,0.80838394,-1.0,-1.0
1.5616441,0.0005103766,1.5616441,1.0,1.0
-0.08358389,0.0031010888,-0.08358389,-1.0,1.0
1.9075018,0.0052047805,1.9075018,1.0,1.0
0.15970121,0.0069717006,0.15970121,1.0,1.0
0.11904274,0.007973623,0.11904274,1.0,1.0
0.12820491,0.009276812,0.12820491,1.0,1.0
0.7390278,0.010013574,0.7390278,1.0,1.0
-0.20209311,0.009911832,-0.20209311,-1.0,1.0
0.40611294,0.008461046,0.40611294,1.0,1.0
0.05968737,0.006386977,0.05968737,1.0,1.0
-0.19541575,0.0054695015,-0.19541575,-1.0,1.0
0.09801185,0.005980604,0.09801185,1.0,1.0
-0.09462486,0.007063652,-0.09462486,-1.0,1.0
0.3784073,0.008791334,0.3784073,1.0,1.0
0.5873742,0.009800951,0.5873742,1.0,1.0
-0.54085094,0.01048815,-0.54085094,-1.0,1.0
-0.05688698,0.011188555,-0.05688698,-1.0,1.0
-0.3906203,0.011953342,-0.3906203,-1.0,1.0
0.7968189,0.013120606,0.7968189,1.0,1.0
0.40954977,0.013731812,0.40954977,1.0,1.0
0.39244944,0.012061113,0.39244944,1.0,1.0
0.45993578,0.009985744,0.45993578,1.0,1.0
1.3650676,0.0076898024,1.3650676,1.0,1.0
0.26470625,0.0063537476,0.26470625,1.0,1.0
-0.00762495,0.006812461,-0.00762495,-1.0,1.0
0.45283443,0.007780452,0.45283443,1.0,1.0
0.5866408,0.008421895,0.5866408,1.0,1.0
-1.4684268,0.008519267,-1.4684268,-1.0,1.0
1.0301467,0.010465982,1.0301467,1.0,1.0
0.16600585,0.010614392,0.16600585,1.0,1.0
0.423169,0.008380729,0.423169,1.0,1.0
0.14304577,0.0056197145,0.14304577,1.0,1.0
0.03701746,0.0031608238,0.03701746,1.0,1.0
-0.2826475,0.0012463933,-0.2826475,-1.0,1.0
-0.566058,-0.000363841,0.566058,-1.0,-1.0
-0.8016315,-0.00034359779,0.8016315,-1.0,-1.0
-0.34283814,0.0023682497,-0.34283814,-1.0,1.0
0.18256864,0.005207772,0.18256864,1.0,1.0
1.4114629,0.005354293,1.4114629,1.0,1.0
-0.14779007,0.00398586,-0.14779007,-1.0,1.0
0.56659716,0.0019151239,0.56659716,1.0,1.0
-0.06710556,9.6876814e-05,-0.06710556,-1.0,1.0
0.07509756,-0.0010785604,-0.07509756,1.0,-1.0
-0.37313402,-0.0012827882,0.37313402,-1.0,-1.0
-0.56168973,0.00027757575,-0.56168973,-1.0,1.0
0.8805261,0.004116316,0.8805261,1.0,1.0
1.2313503,0.006646535,1.2313503,1.0,1.0
0.21943252,0.006469878,0.21943252,1.0,1.0
0.2921374,0.005229153,0.2921374,1.0,1.0
0.08119284,0.00034380023,0.08119284,1.0,1.0
0.52603656,-0.0033103407,-0.52603656,1.0,-1.0
-0.06517853,-0.0040230076,0.06517853,-1.0,-1.0
0.75567746,0.00016668503,0.75567746,1.0,1.0
-0.060064994,0.0057522994,-0.060064994,-1.0,1.0
-1.6105745,0.010074272,-1.6105745,-1.0,1.0
1.2493688,0.014411773,1.2493688,1.0,1.0
1.0684446,0.017579615,1.0684446,1.0,1.0
-0.31863376,0.017658453,-0.31863376,-1.0,1.0
0.23104109,0.014237168,0.23104109,1.0,1.0
0.8241458,0.009249489,0.8241458,1.0,1.0
0.057058327,0.004524185,0.057058327,1.0,1.0
0.5742341,0.00086461444,0.5742341,1.0,1.0
-0.09489536,-0.00096313964,0.09489536,-1.0,-1.0
-1.3674256,0.0003195933,-1.3674256,-1.0,1.0
0.9579763,0.0055242484,0.9579763,1.0,1.0
0.58212507,0.0088703325,0.58212507,1.0,1.0
-0.480347,0.0097450325,-0.480347,-1.0,1.0
-0.6005322,0.009379779,-0.6005322,-1.0,1.0
0.12641999,0.010844522,0.12641999,1.0,1.0
2.1122885,0.012406527,2.1122885,1.0,1.0
0.034794755,0.008772495,0.034794755,1.0,1.0
-0.37867516,0.003478578,-0.37867516,-1.0,1.0
0.17063497,0.0018426856,0.17063497,1.0,1.0
-0.1658155,0.0014557919,-0.1658155,-1.0,1.0
0.52290946,0.0024372868,0.52290946,1.0,1.0
0.8007829,0.0033971749,0.8007829,1.0,1.0
-0.119326204,0.0038844782,-0.119326204,-1.0,1.0
-1.0193101,0.004730322,-1.0193101,-1.0,1.0
0.5141103,0.007851223,0.5141103,1.0,1.0
1.0304128,0.011552186,1.0304128,1.0,1.0
-0.6528519,0.014133059,-0.6528519,-1.0,1.0
-0.11222382,0.015572338,-0.11222382,-1.0,1.0
1.1201788,0.0167478,1.1201788,1.0,1.0
-0.19245297,0.0140651995,-0.19245297,-1.0,1.0
-0.28710917,0.009413774,-0.28710917,-1.0,1.0
-0.64829177,0.0056523965,-0.64829177,-1.0,1.0
0.63180596,0.0036219384,0.63180596,1.0,1.0
0.56491494,0.0027284443,0.56491494,1.0,1.0
0.8904174,0.0020927868,0.8904174,1.0,1.0
0.32365355,0.000632961,0.32365355,1.0,1.0
-0.14021878,-0.0027862818,0.14021878,-1.0,-1.0
-0.30549645,-0.004143465,0.30549645,-1.0,-1.0
-0.27997953,-0.0037069947,0.27997953,-1.0,-1.0
0.8630627,-0.002016186,-0.8630627,1.0,-1.0
0.111648545,-0.0002835759,-0.111648545,1.0,-1.0
-0.20135845,0.0016585669,-0.20135845,-1.0,1.0
-0.7239059,0.0037376534,-0.7239059,-1.0,1.0
0.10911223,0.006662779,0.10911223,1.0,1.0
-1.2334336,0.0089596575,-1.2334336,-1.0,1.0
1.1099194,0.0137386145,1.1099194,1.0,1.0
-0.0374631,0.017657291,-0.0374631,-1.0,1.0
0.14454933,0.01837477,0.14454933,1.0,1.0
-0.9456981,0.017167097,-0.9456981,-1.0,1.0
0.7444798,0.015713805,0.7444798,1.0,1.0
-1.4550688,0.0127687855,-1.4550688,-1.0,1.0
-1.2021354,0.01419565,-1.2021354,-1.0,1.0
-0.2056507,0.019783221,-0.2056507,-1.0,1.0
-0.57806027,0.023843916,-0.57806027,-1.0,1.0
-0.22081602,0.0258309,-0.22081602,-1.0,1.0
-0.8758548,0.024906155,-0.8758548,-1.0,1.0
0.8731248,0.02090163,0.8731248,1.0,1.0
1.1964576,0.012729817,1.1964576,1.0,1.0
0.021301007,0.0024073205,0.021301007,1.0,1.0
-0.45764303,-0.0045728083,0.45764303,-1.0,-1.0
1.0209143,-0.00495474,-1.0209143,1.0,-1.0
0.31784487,-0.0024921738,-0.31784487,1.0,-1.0
-1.5730513,0.0005183189,-1.5730513,-1.0,1.0
-0.3435439,0.004495746,-0.3435439,-1.0,1.0
0.91284364,0.008194272,0.91284364,1.0,1.0
1.255674,0.010054669,1.255674,1.0,1.0
1.0326124,0.0094955405,1.0326124,1.0,1.0
0.13434298,0.00833352,0.13434298,1.0,1.0
-0.00058356236,0.007350261,-0.00058356236,-1.0,1.0
0.5090948,0.0066053015,0.5090948,1.0,1.0
0.16493988,0.006054266,0.16493988,1.0,1.0
-0.024130408,0.005633338,-0.024130408,-1.0,1.0
0.4837813,0.0071073105,0.4837813,1.0,1.0
1.1715928,0.0091626765,1.1715928,1.0,1.0
-0.20816678,0.010073909,-0.20816678,-1.0,1.0
0.11647735,0.01016776,0.11647735,1.0,1.0
0.091639,0.009328597,0.091639,1.0,1.0
0.25018743,0.008511108,0.25018743,1.0,1.0
-0.2706123,0.007789562,-0.2706123,-1.0,1.0
-0.73807895,0.008751451,-0.73807895,-1.0,1.0
0.70010424,0.010727602,0.70010424,1.0,1.0
0.024880186,0.011712697,0.024880186,1.0,1.0
-0.73670465,0.012718462,-0.73670465,-1.0,1.0
-0.59750354,0.015051243,-0.59750354,-1.0,1.0
0.8027876,0.018217674,0.8027876,1.0,1.0
0.11160826,0.018936355,0.11160826,1.0,1.0
0.15028091,0.018926268,0.15028091,1.0,1.0
1.184765,0.019032096,1.184765,1.0,1.0
-0.01998166,0.0182496,-0.01998166,-1.0,1.0
-0.111521974,0.016852817,-0.111521974,-1.0,1.0
0.25808546,0.014025276,0.25808546,1.0,1.0
0.27103814,0.01169091,0.27103814,1.0,1.0
0.8503673,0.01089624,0.8503673,1.0,1.0
0.23446558,0.010202867,0.23446558,1.0,1.0
-0.03938607,0.009710428,-0.03938607,-1.0,1.0
0.76643866,0.010577527,0.76643866,1.0,1.0
0.25213274,0.01151538,0.25213274,1.0,1.0
-0.25259316,0.011710665,-0.25259316,-1.0,1.0
-0.15621303,0.012531591,-0.15621303,-1.0,1.0
-0.30651718,0.013261528,-0.30651718,-1.0,1.0
0.393359,0.013801814,0.393359,1.0,1.0
0.15724312,0.014707395,0.15724312,1.0,1.0
0.09073212,0.013890482,0.09073212,1.0,1.0
-0.40836525,0.011893007,-0.40836525,-1.0,1.0
0.2675564,0.009528332,0.2675564,1.0,1.0
0.6195318,0.006640079,0.6195318,1.0,1.0
0.5084444,0.004595582,0.5084444,1.0,1.0
0.5448765,0.004267054,0.5448765,1.0,1.0
0.1016699,0.005750381,0.1016699,1.0,1.0
0.07410719,0.007567343,0.07410719,1.0,1.0
1.0208066,0.009041636,1.0208066,1.0,1.0
-0.87630284,0.010641745,-0.87630284,-1.0,1.0
0.5517027,0.012215874,0.5517027,1.0,1.0
0.28262025,0.012417802,0.28262025,1.0,1.0
0.63893753,0.012211843,0.63893753,1.0,1.0
-1.3927543,0.012416226,-1.3927543,-1.0,1.0
-0.7816404,0.014763902,-0.7816404,-1.0,1.0
-0.7140266,0.01974268,-0.7140266,-1.0,1.0
1.0792036,0.02515921,1.0792036,1.0,1.0
-0.15581025,0.023940159,-0.15581025,-1.0,1.0
-2.3149095,0.01798132,-2.3149095,-1.0,1.0
-0.514262,0.017407063,-0.514262,-1.0,1.0
1.1090468,0.02301951,1.1090468,1.0,1.0
0.081331015,0.024887528,0.081331015,1.0,1.0
-0.4960172,0.023669848,-0.4960172,-1.0,1.0
1.5793399,0.023571318,1.5793399,1.0,1.0
-1.3693503,0.020856773,-1.3693503,-1.0,1.0
-1.8381861,0.023077864,-1.8381861,-1.0,1.0
-2.9968798,0.042603675,-2.9968798,-1.0,1.0
1.0354086,0.1267706,1.0354086,1.0,1.0
-0.7734648,0.15819402,-0.7734648,-1.0,1.0
2.3042612,0.1692228,2.3042612,1.0,1.0
0.46716768,0.15911841,0.46716768,1.0,1.0
0.004303398,0.11076823,0.004303398,1.0,1.0
1.684758,0.03498921,1.684758,1.0,1.0
0.38237286,-0.017430756,-0.38237286,1.0,-1.0
1.6133248,-0.033289306,-1.6133248,1.0,-1.0
0.19897793,-0.030204251,-0.19897793,1.0,-1.0
0.97222847,-0.021692343,-0.97222847,1.0,-1.0
-0.19845553,-0.011578898,0.19845553,-1.0,-1.0
0.4239677,-0.00013024296,-0.4239677,1.0,-1.0
-0.89328057,0.008868587,-0.89328057,-1.0,1.0
1.1483371,0.022394879,1.1483371,1.0,1.0
-0.31537268,0.030123824,-0.31537268,-1.0,1.0
0.15951961,0.03171965,0.15951961,1.0,1.0
-0.5975973,0.02812906,-0.5975973,-1.0,1.0
-0.003937907,0.025982121,-0.003937907,-1.0,1.0
1.0093051,0.021441834,1.0093051,1.0,1.0
-2.1151075,0.014743968,-2.1151075,-1.0,1.0
-0.16025436,0.024652742,-0.16025436,-1.0,1.0
-0.30180177,0.044442713,-0.30180177,-1.0,1.0
-1.726025,0.063955754,-1.726025,-1.0,1.0
1.158007,0.082002975,1.158007,1.0,1.0
0.44726726,0.08277117,0.44726726,1.0,1.0
1.0665026,0.06956839,1.0665026,1.0,1.0
0.74953026,0.046351437,0.74953026,1.0,1.0
0.5407711,0.023688272,0.5407711,1.0,1.0
0.12566298,0.013000251,0.12566298,1.0,1.0
0.026455007,0.010480621,0.026455007,1.0,1.0
-0.28964558,0.015220239,-0.28964558,-1.0,1.0
1.6976855,0.023332331,1.6976855,1.0,1.0
-0.19410273,0.025061157,-0.19410273,-1.0,1.0
0.2809273,0.02215563,0.2809273,1.0,1.0
0.2511179,0.015099199,0.2511179,1.0,1.0
-0.1861249,0.0078081624,-0.1861249,-1.0,1.0
0.40386757,0.00741412,0.40386757,1.0,1.0
-0.1253217,0.010525345,-0.1253217,-1.0,1.0
0.42365527,0.01798688,0.42365527,1.0,1.0
-0.9324108,0.024858287,-0.9324108,-1.0,1.0
0.013839091,0.03483363,0.013839091,1.0,1.0
-0.16814135,0.047088254,-0.16814135,-1.0,1.0
0.8970249,0.059654225,0.8970249,1.0,1.0
-0.9586022,0.062581934,-0.9586022,-1.0,1.0
0.9689348,0.071493134,0.9689348,1.0,1.0
0.7113412,0.076213025,0.7113412,1.0,1.0
-0.20701228,0.07247223,-0.20701228,-1.0,1.0
0.60518473,0.06269893,0.60518473,1.0,1.0
-0.76094663,0.050544914,-0.76094663,-1.0,1.0
0.46791458,0.04343084,0.46791458,1.0,1.0
-0.017116047,0.037249856,-0.017116047,-1.0,1.0
0.39715528,0.029801778,0.39715528,1.0,1.0
-0.18227695,0.023743745,-0.18227695,-1.0,1.0
-0.04748539,0.01636891,-0.04748539,-1.0,1.0
-0.91913235,0.011315587,-0.91913235,-1.0,1.0
0.2145772,0.013845825,0.2145772,1.0,1.0
-0.029944718,0.02002833,-0.029944718,-1.0,1.0
0.26514435,0.02858157,0.26514435,1.0,1.0
0.16141273,0.03331938,0.16141273,1.0,1.0
-0.33002338,0.034082454,-0.33002338,-1.0,1.0
-1.86147,0.03533308,-1.86147,-1.0,1.0
0.40925094,0.04837968,0.40925094,1.0,1.0
-0.28120837,0.057053566,-0.28120837,-1.0,1.0
1.2265644,0.060381882,1.2265644,1.0,1.0
2.5295928,0.05464171,2.5295928,1.0,1.0
0.743123,0.025019504,0.743123,1.0,1.0
0.37568334,0.0017409219,0.37568334,1.0,1.0
-0.28926596,-0.012370585,0.28926596,-1.0,-1.0
0.023222772,-0.016748555,-0.023222772,1.0,-1.0
-0.6049735,-0.015861984,0.6049735,-1.0,-1.0
-1.320349,-0.011201012,1.320349,-1.0,-1.0
0.39178145,-0.0023681999,-0.39178145,1.0,-1.0
0.3963585,0.0057385066,0.3963585,1.0,1.0
0.002195087,0.013128289,0.002195087,1.0,1.0
0.5340462,0.02009895,0.5340462,1.0,1.0
0.3467959,0.021494865,0.3467959,1.0,1.0
0.30204803,0.016568547,0.30204803,1.0,1.0
0.57220054,0.010771207,0.57220054,1.0,1.0
-0.38012382,0.0048203287,-0.38012382,-1.0,1.0
0.56077856,0.0011202662,0.56077856,1.0,1.0
0.24484563,-0.0007681952,-0.24484563,1.0,-1.0
0.04514491,-0.0013559678,-0.04514491,1.0,-1.0
0.6051418,-0.001372795,-0.6051418,1.0,-1.0
-0.18697757,-0.000336557,0.18697757,-1.0,-1.0
0.24954538,0.001609624,0.24954538,1.0,1.0
-0.61442137,0.0022988736,-0.61442137,-1.0,1.0
-0.29638833,0.0042641875,-0.29638833,-1.0,1.0
0.8165786,0.0064753783,0.8165786,1.0,1.0
-0.5414023,0.0066752792,-0.5414023,-1.0,1.0
-0.0026466653,0.0059462492,-0.0026466653,-1.0,1.0
0.37993544,0.0045462423,0.37993544,1.0,1.0
-0.3863995,0.005035507,-0.3863995,-1.0,1.0
-2.9492843,0.008429133,-2.9492843,-1.0,1.0
-0.08651123,0.036202952,-0.08651123,-1.0,1.0
1.0869124,0.07207063,1.0869124,1.0,1.0
0.72872734,0.06876368,0.72872734,1.0,1.0
1.104276,0.029276138,1.104276,1.0,1.0
-0.04056588,-0.007513165,0.04056588,-1.0,-1.0
-1.1055737,-0.026035622,1.1055737,-1.0,-1.0
-1.0701996,-0.026356045,1.0701996,-1.0,-1.0
-0.42848003,-0.015635625,0.42848003,-1.0,-1.0
-0.22238868,-0.0033786923,0.22238868,-1.0,-1.0
1.2596027,0.007316871,1.2596027,1.0,1.0
0.5538045,0.011088009,0.5538045,1.0,1.0
-1.1103913,0.010261883,-1.1103913,-1.0,1.0
0.15603602,0.010750129,0.15603602,1.0,1.0
-1.5411644,0.011743377,-1.5411644,-1.0,1.0
0.1575444,0.015509867,0.1575444,1.0,1.0
0.11462798,0.018348986,0.11462798,1.0,1.0
1.8312793,0.01808727,1.8312793,1.0,1.0
-0.21126895,0.011634705,-0.21126895,-1.0,1.0
0.9991059,0.0054944907,0.9991059,1.0,1.0
0.8768227,0.0010740875,0.8768227,1.0,1.0
0.61379415,-0.0018725538,-0.61379415,1.0,-1.0
0.53134865,-0.0031253651,-0.53134865,1.0,-1.0
-0.28551322,-0.0032884323,0.28551322,-1.0,-1.0
-1.4580716,-0.0056834253,1.4580716,-1.0,-1.0
0.92178696,-0.0021547035,-0.92178696,1.0,-1.0
-0.46788958,0.00407612,-0.46788958,-1.0,1.0
0.52754146,0.009483109,0.52754146,1.0,1.0
-0.5046826,0.011635871,-0.5046826,-1.0,1.0
-0.7608598,0.012037153,-0.7608598,-1.0,1.0
0.7224881,0.016160628,0.7224881,1.0,1.0
0.3908673,0.018011123,0.3908673,1.0,1.0
0.36442986,0.015372676,0.36442986,1.0,1.0
-0.946477,0.0103180045,-0.946477,-1.0,1.0
0.6712541,0.007531187,0.6712541,1.0,1.0
0.03395828,0.0050829113,0.03395828,1.0,1.0
-0.27238667,0.0035067543,-0.27238667,-1.0,1.0
1.0426292,0.0022812604,1.0426292,1.0,1.0
-0.0071943807,0.0013853168,-0.0071943807,-1.0,1.0
0.24449877,0.0008991628,0.24449877,1.0,1.0
0.23769693,0.001319979,0.23769693,1.0,1.0
-0.4334185,0.0024410419,-0.4334185,-1.0,1.0
-1.7064127,0.004697243,-1.7064127,-1.0,1.0
-0.49691066,0.011727829,-0.49691066,-1.0,1.0
-0.46797308,0.018591464,-0.46797308,-1.0,1.0
0.013602429,0.024909738,0.013602429,1.0,1.0
-1.5864553,0.02822686,-1.5864553,-1.0,1.0
1.5854144,0.035998136,1.5854144,1.0,1.0
-1.7596738,0.042440176,-1.7596738,-1.0,1.0
-1.2234826,0.054597218,-1.2234826,-1.0,1.0
1.1159278,0.066350594,1.1159278,1.0,1.0
-1.7819008,0.0637646,-1.7819008,-1.0,1.0
0.5520618,0.063227765,0.5520618,1.0,1.0
-2.697309,0.05718731,-2.697309,-1.0,1.0
-0.7567865,0.07069691,-0.7567865,-1.0,1.0
0.48868698,0.08543422,0.48868698,1.0,1.0
-1.3890984,0.08287527,-1.3890984,-1.0,1.0
2.126587,0.07130484,2.126587,1.0,1.0
0.641613,0.046579245,0.641613,1.0,1.0
-1.0653512,0.019655759,-1.0653512,-1.0,1.0
1.0798496,0.011618323,1.0798496,1.0,1.0
-0.21848932,0.008648477,-0.21848932,-1.0,1.0
0.08246534,0.009148537,0.08246534,1.0,1.0
1.7646,0.011027311,1.7646,1.0,1.0
0.15743335,0.00854591,0.15743335,1.0,1.0
-1.1156934,0.0046195504,-1.1156934,-1.0,1.0
-0.33069807,0.0045290445,-0.33069807,-1.0,1.0
-1.9737221,0.01130239,-1.9737221,-1.0,1.0
0.55385214,0.027605461,0.55385214,1.0,1.0
0.37812355,0.048184916,0.37812355,1.0,1.0
0.6728195,0.06762571,0.6728195,1.0,1.0
-4.839564,0.07555685,-4.839564,-1.0,1.0
-5.9749603,0.110621944,-5.9749603,-1.0,1.0
-0.23314726,0.16350542,-0.23314726,-1.0,1.0
-1.5700525,0.19832546,-1.5700525,-1.0,1.0
9.515388,0.2137131,9.515388,1.0,1.0
-3.460758,0.21348733,-3.460758,-1.0,1.0
1.8092093,0.21114342,1.8092093,1.0,1.0
0.79447126,0.2059167,0.79447126,1.0,1.0
-0.17277808,0.19277835,-0.17277808,-1.0,1.0
-2.240837,0.1682845,-2.240837,-1.0,1.0
0.13268381,0.13563225,0.13268381,1.0,1.0
-2.356749,0.096895866,-2.356749,-1.0,1.0
2.5117204,0.08953527,2.5117204,1.0,1.0
1.6661139,0.089447826,1.6661139,1.0,1.0
2.0259113,0.084322326,2.0259113,1.0,1.0
0.73731333,0.071662635,0.73731333,1.0,1.0
0.06407067,0.0611742,0.06407067,1.0,1.0
0.5802411,0.058718015,0.5802411,1.0,1.0
0.14799915,0.058919854,0.14799915,1.0,1.0
0.62991023,0.06280181,0.62991023,1.0,1.0
1.4726574,0.06710614,1.4726574,1.0,1.0
-0.63815975,0.06178491,-0.63815975,-1.0,1.0
-0.76932395,0.05585471,-0.76932395,-1.0,1.0
0.4346356,0.058736842,0.4346356,1.0,1.0
0.5799775,0.062263858,0.5799775,1.0,1.0
-0.07114809,0.058098346,-0.07114809,-1.0,1.0
3.2558782,0.047765907,3.2558782,1.0,1.0
0.7248201,0.024031738,0.7248201,1.0,1.0
0.10244156,0.007926381,0.10244156,1.0,1.0
0.41323322,-0.000108818815,-0.41323322,1.0,-1.0
0.70052725,-0.0010325083,-0.70052725,1.0,-1.0
0.08761131,0.0014327025,0.08761131,1.0,1.0
-0.38802296,0.006636309,-0.38802296,-1.0,1.0
-1.6135131,0.01174347,-1.6135131,-1.0,1.0
-0.044487104,0.019731427,-0.044487104,-1.0,1.0
-0.6708298,0.026682207,-0.6708298,-1.0,1.0
2.0459056,0.03480266,2.0459056,1.0,1.0
-0.5571225,0.034793045,-0.5571225,-1.0,1.0
0.40111944,0.029099654,0.40111944,1.0,1.0
-0.008118517,0.023493277,-0.008118517,-1.0,1.0
0.41020423,0.01710593,0.41020423,1.0,1.0
0.5800291,0.012143741,0.5800291,1.0,1.0
0.0073687457,0.0084437085,0.0073687457,1.0,1.0
-0.52773833,0.007444848,-0.52773833,-1.0,1.0
1.0280683,0.010394213,1.0280683,1.0,1.0
0.09199481,0.0100264745,0.09199481,1.0,1.0
0.54829895,0.009100669,0.54829895,1.0,1.0
-0.2743889,0.008651041,-0.2743889,-1.0,1.0
0.382242,0.009895428,0.382242,1.0,1.0
-1.129638,0.013895315,-1.129638,-1.0,1.0
0.939266,0.024501823,0.939266,1.0,1.0
-0.8352185,0.029608432,-0.8352185,-1.0,1.0
-0.030924022,0.036930792,-0.030924022,-1.0,1.0
-0.21786585,0.04158723,-0.21786585,-1.0,1.0
0.9606504,0.04075702,0.9606504,1.0,1.0
1.112172,0.028891902,1.112172,1.0,1.0
-0.00032861094,0.013483123,-0.00032861094,-1.0,1.0
0.80201215,-0.0011264527,-0.80201215,1.0,-1.0
0.5218971,-0.008191085,-0.5218971,1.0,-1.0
0.5164427,-0.009017772,-0.5164427,1.0,-1.0
-0.11185312,-0.0048180926,0.11185312,-1.0,-1.0
0.4745097,0.0011372349,0.4745097,1.0,1.0
0.8338955,0.005411508,0.8338955,1.0,1.0
-0.7862297,0.0072728903,-0.7862297,-1.0,1.0
-0.07158868,0.009967155,-0.07158868,-1.0,1.0
0.6062104,0.010264748,0.6062104,1.0,1.0
0.2746205,0.008259415,0.2746205,1.0,1.0
-0.3297523,0.005429518,-0.3297523,-1.0,1.0
0.14074138,0.0037497475,0.14074138,1.0,1.0
-0.39562982,0.004930467,-0.39562982,-1.0,1.0
0.31936574,0.0069897533,0.31936574,1.0,1.0
0.53737676,0.008369287,0.53737676,1.0,1.0
-0.009048621,0.007750871,-0.009048621,-1.0,1.0
0.13991348,0.006392826,0.13991348,1.0,1.0
0.063753165,0.006277288,0.063753165,1.0,1.0
0.78118867,0.0049427045,0.78118867,1.0,1.0
0.06982236,0.0014220445,0.06982236,1.0,1.0
0.39743277,-0.0016616093,-0.39743277,1.0,-1.0
0.01768581,-0.0033776194,-0.01768581,1.0,-1.0
-0.29594424,-0.0024674267,0.29594424,-1.0,-1.0
-0.12494327,0.0015664889,-0.12494327,-1.0,1.0
-0.36948192,0.004981166,-0.36948192,-1.0,1.0
-1.5992132,0.009245136,-1.5992132,-1.0,1.0
1.47371,0.02026212,1.47371,1.0,1.0
-0.4857866,0.02516428,-0.4857866,-1.0,1.0
0.72819066,0.024931323,0.72819066,1.0,1.0
-0.079748005,0.01885644,-0.079748005,-1.0,1.0
0.77997154,0.011066514,0.77997154,1.0,1.0
-0.2504128,0.0020069561,-0.2504128,-1.0,1.0
1.1345435,-0.0021854073,-1.1345435,1.0,-1.0
0.32300788,-0.0053135525,-0.32300788,1.0,-1.0
0.03030908,-0.006679218,-0.03030908,1.0,-1.0
-0.2897135,-0.005804572,0.2897135,-1.0,-1.0
-0.010076317,-0.0035603635,0.010076317,-1.0,-1.0
-0.5858103,-0.0011696735,0.5858103,-1.0,-1.0
-0.24316695,0.0021038584,-0.24316695,-1.0,1.0
-0.40041816,0.005251043,-0.40041816,-1.0,1.0
1.5186445,0.0054781293,1.5186445,1.0,1.0
-0.42663854,0.0011745474,-0.42663854,-1.0,1.0
0.41339952,-0.0024586313,-0.41339952,1.0,-1.0
0.23909843,-0.004557572,-0.23909843,1.0,-1.0
0.31567195,-0.0032620647,-0.31567195,1.0,-1.0
-0.63981843,-0.0012581194,0.63981843,-1.0,-1.0
-0.692228,0.0014898932,-0.692228,-1.0,1.0
0.5100074,0.0064884187,0.5100074,1.0,1.0
0.83464867,0.009961802,0.83464867,1.0,1.0
-0.3165153,0.009701361,-0.3165153,-1.0,1.0
0.2105979,0.0075047766,0.2105979,1.0,1.0
0.26881537,0.005247636,0.26881537,1.0,1.0
0.298347,0.003292336,0.298347,1.0,1.0
0.84858906,0.0029061257,0.84858906,1.0,1.0
-0.048276134,0.002338779,-0.048276134,-1.0,1.0
0.4706619,0.0013883827,0.4706619,1.0,1.0
-0.12879303,0.0022181019,-0.12879303,-1.0,1.0
-0.097016826,0.004835338,-0.097016826,-1.0,1.0
0.4789119,0.0059376196,0.4789119,1.0,1.0
0.4885419,0.005355433,0.4885419,1.0,1.0
0.44100463,0.0033904805,0.44100463,1.0,1.0
-0.5502159,0.0027785941,-0.5502159,-1.0,1.0
-0.28466177,0.0039714933,-0.28466177,-1.0,1.0
-0.5009061,0.004413566,-0.5009061,-1.0,1.0
0.5901837,0.005397985,0.5901837,1.0,1.0
0.26355442,0.0033803738,0.26355442,1.0,1.0
0.40908483,0.0047544916,0.40908483,1.0,1.0
0.33999208,0.007101935,0.33999208,1.0,1.0
0.06183547,0.008954545,0.06183547,1.0,1.0
0.006551279,0.010670965,0.006551279,1.0,1.0
0.3646592,0.011417468,0.3646592,1.0,1.0
